District.Code,School.Code,County.Code,County.Name,District.Name,School.Name,City,Zip.Code,School.Type,Type.Label,Math,Reading.and.Writing,Average.Total.Score,Median.HH.Income
6010,910,80,MONMOUTH,ACADEMY CHARTER HIGH SCHOOL,ACADEMY CHARTER HIGH SCHOOL,LAKE COMO,7719,Charter,1,448,457,905,92414
6032,901,80,MIDDLESEX,ACADEMY FOR URBAN LEADERSHIP CHARTER SCHOOL,ACADEMY FOR URBAN LEADERSHIP CHARTER SCHOOL,Perth Amboy,8861,Charter,1,470,469,939,51389
0110,010,1,ATLANTIC,ATLANTIC CITY,ATLANTIC CITY HIGH SCHOOL,Atlantic City,8401,Public,3,524,526,1050,26006
0120,010,1,ATLANTIC,ATLANTIC COUNTY VOCATIONAL,ATLANTIC COUNTY INSTITUTE OF TECHNOLOGY,Mays Landing,8330,Vocational,2,528,530,1058,64266
0150,010,7,CAMDEN,AUDUBON BOROUGH,AUDUBON JUNIOR/SENIOR HIGH SCHOOL,Audubon,8106,Public,3,536,551,1087,75136
0185,030,29,OCEAN,BARNEGAT TOWNSHIP,BARNEGAT HIGH SCHOOL,Barnegat,8005,Public,3,556,548,1104,69877
0220,020,17,HUDSON,BAYONNE CITY,BAYONNE HIGH SCHOOL,Bayonne,7002,Public,3,518,526,1044,56701
0250,020,13,ESSEX,BELLEVILLE TOWN,BELLEVILLE HIGH SCHOOL,Belleville,7109,Public,3,515,510,1025,67292
0280,020,41,WARREN,BELVIDERE TOWN,BELVIDERE HIGH SCHOOL,BELVIDERE,7823,Public,3,538,545,1083,51917
6013,900,3,BERGEN,BERGEN ARTS AND SCIENCES CHARTER SCHOOL,BERGEN ARTS AND SCIENCES CHARTER SCHOOL,GARFIELD,7407,Charter,1,547,549,1096,76907
0290,020,3,BERGEN,BERGEN COUNTY VOCATIONAL,BERGEN COUNTY ACADEMIES,Paramus,7652,Vocational,2,748,722,1470,105114
0290,030,3,BERGEN,BERGEN COUNTY VOCATIONAL,BERGEN COUNTY TECHNICAL HIGH SCHOOL - PARAMUS,Paramus,7652,Vocational,2,453,461,914,105114
0290,075,3,BERGEN,BERGEN COUNTY VOCATIONAL,BERGEN COUNTY TECHNICAL HIGH SCHOOL - PARAMUS,Paramus,7652,Vocational,2,453,461,914,105114
0290,070,3,BERGEN,BERGEN COUNTY VOCATIONAL,BERGEN COUNTY TECHNICAL HIGH SCHOOL - TETERBORO,Paramus,7652,Vocational,2,678,656,1334,105114
0300,020,3,BERGEN,BERGENFIELD BOROUGH,BERGENFIELD HIGH SCHOOL,Bergenfield,7621,Public,3,538,537,1075,90962
0310,005,39,UNION,BERKELEY HEIGHTS TOWNSHIP,GOVERNOR LIVINGSTON HIGH SCHOOL,Berkeley Heights,7922,Public,3,592,606,1198,147614
0350,050,35,SOMERSET,BERNARDS TOWNSHIP,RIDGE HIGH SCHOOL,Basking Ridge,7920,Public,3,641,637,1278,137855
0390,020,7,CAMDEN,BLACK HORSE PIKE REGIONAL,HIGHLAND REGIONAL HIGH SCHOOL,Blackwood,8012,Public,3,538,537,1075,71865
0390,030,7,CAMDEN,BLACK HORSE PIKE REGIONAL,TIMBER CREEK REGIONAL HIGH SCHOOL,Blackwood,8012,Public,3,529,532,1061,71865
0390,050,7,CAMDEN,BLACK HORSE PIKE REGIONAL,TRITON REGIONAL HIGH SCHOOL,Blackwood,8012,Public,3,517,511,1028,71865
0410,020,13,ESSEX,BLOOMFIELD TOWNSHIP,BLOOMFIELD HIGH SCHOOL,Bloomfield,7003,Public,3,502,507,1009,74961
0440,020,3,BERGEN,BOGOTA BOROUGH,BOGOTA BOROUGH HIGH SCHOOL,Bogota,7603,Public,3,523,535,1058,79356
0450,020,27,MORRIS,BOONTON TOWN,BOONTON HIGH SCHOOL,Boonton,7005,Public,3,530,529,1059,91055
0475,050,5,BURLINGTON,BORDENTOWN REGIONAL,BORDENTOWN REGIONAL HIGH SCHOOL,Bordentown,8505,Public,3,547,546,1093,82655
0490,020,35,SOMERSET,BOUND BROOK BOROUGH,BOUND BROOK HIGH SCHOOL,BOUND BROOK,8805,Public,3,527,522,1049,65199
0530,020,29,OCEAN,BRICK TOWNSHIP,BRICK TOWNSHIP HIGH SCHOOL,Brick,8724,Public,3,530,548,1078,73051
0530,025,29,OCEAN,BRICK TOWNSHIP,BRICK TOWNSHIP MEMORIAL HIGH SCHOOL,Brick,8724,Public,3,546,551,1097,73051
0540,020,11,CUMBERLAND,BRIDGETON CITY,BRIDGETON HIGH SCHOOL,Bridgeton,8302,Public,3,475,478,953,34135
0555,005,35,SOMERSET,BRIDGEWATER-RARITAN REG,BRIDGEWATER-RARITAN HIGH SCHOOL,Martinsville,8807,Public,3,607,595,1202,120065
0590,025,1,ATLANTIC,BUENA REGIONAL,BUENA REGIONAL HIGH SCHOOL,RICHLAND,8310,Public,3,538,528,1066,56931
0600,020,5,BURLINGTON,BURLINGTON CITY,BURLINGTON CITY HIGH SCHOOL,Burlington,8016,Public,3,496,497,993,50709
0610,040,5,BURLINGTON,BURLINGTON COUNTY VOCATIONAL,BURLINGTON COUNTY INST OF TECH - MEDFORD,Westampton,8060,Vocational,2,497,509,1006,79475
0610,030,5,BURLINGTON,BURLINGTON COUNTY VOCATIONAL,BURLINGTON COUNTY INST OF TECH - WESTHAMPTON,Westampton,8060,Vocational,2,488,496,984,79475
0620,010,5,BURLINGTON,BURLINGTON TOWNSHIP,BURLINGTON TOWNSHIP HIGH SCHOOL,Burlington,8016,Public,3,537,540,1077,81738
0630,020,27,MORRIS,BUTLER BOROUGH,BUTLER HIGH SCHOOL,Butler,7405,Public,3,526,544,1070,96474
0660,050,13,ESSEX,CALDWELL-WEST CALDWELL,JAMES CALDWELL HIGH SCHOOL,WEST CALDWELL,7006,Public,3,576,591,1167,95536
0680,305,7,CAMDEN,CAMDEN CITY,CAMDEN BIG PICTURE LEARNING ACADEMY,Camden,8105,Public,3,429,405,834,26105
0680,030,7,CAMDEN,CAMDEN CITY,CAMDEN HIGH SCHOOL,Camden,8105,Public,3,427,432,859,26105
0680,245,7,CAMDEN,CAMDEN CITY,CREATIVE ARTS MORGAN VILLAGE ACADEMY,Camden,8105,Public,3,441,445,886,26105
0680,029,7,CAMDEN,CAMDEN CITY,DR. CHARLES E. BRIMM MEDICAL ARTS HIGH SCHOOL,Camden,8105,Public,3,498,478,976,26105
0680,040,7,CAMDEN,CAMDEN CITY,WOODROW WILSON HIGH SCHOOL,Camden,8105,Public,3,407,414,821,26105
0700,040,7,CAMDEN,CAMDEN COUNTY VOCATIONAL,CAMDEN COUNTY TECHNICAL SCHOOL-GTC,Sicklerville,8081,Vocational,2,501,505,1006,83694
0700,030,7,CAMDEN,CAMDEN COUNTY VOCATIONAL,CAMDEN COUNTY TECHNICAL SCHOOL-PENNSAUKEN,Sicklerville,8081,Vocational,2,465,467,932,83694
6107,998,7,CAMDEN,CAMDEN CITY,CAMDEN'S PROMISE CHARTER SCHOOL,Camden,8105,Charter,1,462,461,923,26105
0720,030,9,CAPE MAY,CAPE MAY COUNTY VOCATIONAL,CAPE MAY COUNTY TECHNICAL HIGH SCHOOL,Cape May Court House,8210,Vocational,2,541,545,1086,70009
0745,050,3,BERGEN,CARLSTADT-EAST RUTHERFORD,HENRY P. BECTON REGIONAL HIGH SCHOOL,East Rutherford,7073,Public,3,521,531,1052,77400
0750,030,23,MIDDLESEX,CARTERET BOROUGH,CARTERET HIGH SCHOOL,Carteret,7008,Public,3,528,517,1045,73892
0760,050,13,ESSEX,CEDAR GROVE TOWNSHIP,CEDAR GROVE HIGH SCHOOL,CEDAR GROVE,7009,Public,3,532,545,1077,115926
6018,900,3,BERGEN,CENTRAL JERSEY COLLEGE PREP CHARTER SCHOOL,CENTRAL JERSEY COLLEGE PREP CHARTER SCHOOL,Somerset,8873,Charter,1,585,562,1147,90555
0770,030,29,OCEAN,CENTRAL REGIONAL,CENTRAL REGIONAL HIGH SCHOOL,Bayville,8721,Public,3,549,544,1093,78496
7410,940,1,ATLANTIC,CHARTERTECH HIGH SCHOOL FOR THE PERFORMING ARTS,CHARTERTECH HIGH SCHOOL FOR THE PERFORMING ARTS,SOMERS POINT,8244,Charter,1,470,488,958,52767
0800,030,7,CAMDEN,CHERRY HILL TOWNSHIP,CHERRY HILL HIGH SCHOOL EAST,Cherry Hill,8034,Public,3,610,601,1211,97069
0800,040,7,CAMDEN,CHERRY HILL TOWNSHIP,CHERRY HILL HIGH SCHOOL WEST,Cherry Hill,8034,Public,3,556,553,1109,97069
0840,030,5,BURLINGTON,CINNAMINSON TOWNSHIP,CINNAMINSON HIGH SCHOOL,CINNAMINSON,8077,Public,3,553,564,1117,97993
3880,050,13,ESSEX,CITY OF ORANGE TOWNSHIP,ORANGE HIGH SCHOOL,ORANGE,7050,Public,3,427,434,861,38506
0850,005,39,UNION,CLARK TOWNSHIP,ARTHUR L. JOHNSON HIGH SCHOOL,Clark,7066,Public,3,526,540,1066,100192
0860,030,15,GLOUCESTER,CLAYTON BOROUGH,CLAYTON HIGH SCHOOL,Clayton,8312,Public,3,492,487,979,65595
0870,020,15,GLOUCESTER,CLEARVIEW REGIONAL,CLEARVIEW REGIONAL HIGH SCHOOL,Mullica Hill,8062,Public,3,576,561,1137,125926
0890,030,3,BERGEN,CLIFFSIDE PARK BOROUGH,CLIFFSIDE PARK HIGH SCHOOL,Cliffside Park,7010,Public,3,533,527,1060,67799
0900,030,31,PASSAIC,CLIFTON CITY,CLIFTON HIGH SCHOOL,Clifton,7013,Public,3,519,516,1035,74963
0940,030,7,CAMDEN,COLLINGSWOOD BOROUGH,COLLINGSWOOD HIGH SCHOOL,Collingswood,8108,Public,3,542,546,1088,64885
0980,030,39,UNION,CRANFORD TOWNSHIP,CRANFORD HIGH SCHOOL,Cranford,7016,Public,3,582,587,1169,122848
0990,040,3,BERGEN,CRESSKILL BOROUGH,CRESSKILL HIGH SCHOOL,Cresskill,7626,Public,3,595,597,1192,136250
0997,030,11,CUMBERLAND,CUMBERLAND REGIONAL,CUMBERLAND REGIONAL HIGH SCHOOL,Bridgeton,8302,Public,3,516,523,1039,46862
1050,040,19,HUNTERDON,DELAWARE VALLEY REGIONAL,DELAWARE VALLEY REGIONAL HIGH SCHOOL,FRENCHTOWN,8825,Public,3,583,596,1179,106858
1060,005,5,BURLINGTON,DELRAN TOWNSHIP,DELRAN HIGH SCHOOL,Delran,8075,Public,3,549,543,1092,94321
4940,050,15,GLOUCESTER,DELSEA REGIONAL H.S DIST.,DELSEA REGIONAL HIGH SCHOOL,Franklinville,8322,Public,3,538,544,1082,83596
1100,040,15,GLOUCESTER,DEPTFORD TOWNSHIP,DEPTFORD TOWNSHIP HIGH SCHOOL,Deptford,8096,Public,3,545,542,1087,67983
1100,110,15,GLOUCESTER,DEPTFORD TOWNSHIP,DEPTFORD TOWNSHIP HIGH SCHOOL,Deptford,8096,Public,3,545,542,1087,67983
1110,040,27,MORRIS,DOVER TOWN,DOVER HIGH SCHOOL,Dover,7801,Public,3,505,510,1015,64058
1130,040,3,BERGEN,DUMONT BOROUGH,DUMONT HIGH SCHOOL,Dumont,7628,Public,3,574,572,1146,94617
1140,040,23,MIDDLESEX,DUNELLEN BOROUGH,DUNELLEN HIGH SCHOOL,Dunellen,8812,Public,3,549,554,1103,78447
1170,050,23,MIDDLESEX,EAST BRUNSWICK TOWNSHIP,EAST BRUNSWICK HIGH SCHOOL,East Brunswick,8816,Public,3,627,611,1238,105959
1210,150,13,ESSEX,EAST ORANGE,CICELY L. TYSON COMMUNITY MIDDLE/HIGH SCHOOL,East Orange,7017,Public,3,469,493,962,41322
1210,035,13,ESSEX,EAST ORANGE,EAST ORANGE CAMPUS HIGH SCHOOL,East Orange,7017,Public,3,418,437,855,41322
1210,030,13,ESSEX,EAST ORANGE,EAST ORANGE STEM ACADEMY HIGH SCHOOL,East Orange,7017,Public,3,515,521,1036,41322
1245,050,21,MERCER,EAST WINDSOR REGIONAL,HIGHTSTOWN HIGH SCHOOL,HIGHTSTOWN,8520,Public,3,580,582,1162,82890
1255,050,7,CAMDEN,EASTERN CAMDEN COUNTY REG,EASTERN REGIONAL HIGH SCHOOL,VOORHEES,8043,Public,3,590,588,1178,85164
1290,050,23,MIDDLESEX,EDISON TOWNSHIP,EDISON HIGH SCHOOL,Edison,8837,Public,3,556,554,1110,95622
1290,053,23,MIDDLESEX,EDISON TOWNSHIP,JOHN P. STEVENS HIGH SCHOOL,Edison,8837,Public,3,649,626,1275,95622
1310,005,1,ATLANTIC,EGG HARBOR TOWNSHIP,EGG HARBOR TOWNSHIP HIGH SCHOOL,Egg Harbor Township,8234,Public,3,550,553,1103,78099
1320,402,39,UNION,ELIZABETH CITY,ADMIRAL WILLIAM F. HALSEY JR. HEALTH & PUBLIC SAFETY ACADEMY,Elizabeth,7208,Public,3,446,439,885,45186
1320,405,39,UNION,ELIZABETH CITY,ALEXANDER HAMILTON PREPARATORY ACADEMY,Elizabeth,7208,Public,3,505,485,990,45186
1320,025,39,UNION,ELIZABETH CITY,ELIZABETH HIGH SCHOOL,Elizabeth,7208,Public,3,569,556,1125,45186
1320,401,39,UNION,ELIZABETH CITY,JOHN E. DWYER TECHNOLOGY ACADEMY,Elizabeth,7208,Vocational,2,456,440,896,45186
1320,404,39,UNION,ELIZABETH CITY,THOMAS A. EDISON CAREER AND TECHNICAL ACADEMY,Elizabeth,7208,Public,3,456,434,890,45186
1320,403,39,UNION,ELIZABETH CITY,THOMAS JEFFERSON ARTS ACADEMY,Elizabeth,7208,Public,3,459,457,916,45186
1345,050,3,BERGEN,ELMWOOD PARK,MEMORIAL SENIOR HIGH SCHOOL,Elmwood Park,7407,Public,3,499,516,1015,76907
1360,050,3,BERGEN,EMERSON BOROUGH,EMERSON JR SR HIGH,Emerson,7630,Public,3,563,574,1137,111536
1370,040,3,BERGEN,ENGLEWOOD CITY,DWIGHT MORROW HIGH SCHOOL/ACADEMIES@ENGLEWOOD,Englewood,7631,Public,3,523,529,1052,80670
1390,020,13,ESSEX,ESSEX CO VOC-TECH,BLOOMFIELD TECH,Newark,7102,Public,3,499,503,1002,24353
1390,070,13,ESSEX,ESSEX CO VOC-TECH,NEWARK TECH,Newark,7102,Public,3,466,467,933,24353
1390,050,13,ESSEX,ESSEX CO VOC-TECH,NORTH 13TH ST TECH,Newark,7102,Public,3,490,480,970,24353
1390,080,13,ESSEX,ESSEX CO VOC-TECH,WEST CALDWELL TECH,Newark,7102,Public,3,460,470,930,24353
1430,050,21,MERCER,EWING TOWNSHIP,EWING HIGH SCHOOL,Ewing,8618,Public,3,513,534,1047,74534
1450,050,3,BERGEN,FAIR LAWN BOROUGH,FAIR LAWN HIGH SCHOOL,Fair Lawn,7410,Public,3,581,578,1159,109747
1520,050,5,BURLINGTON,FLORENCE TOWNSHIP,FLORENCE TOWNSHIP MEMORIAL HIGH SCHOOL,Florence,8518,Public,3,538,546,1084,81011
1550,050,3,BERGEN,FORT LEE BOROUGH,FORT LEE HIGH SCHOOL,Fort Lee,7024,Public,3,588,589,1177,76578
6017,932,21,MERCER,FOUNDATION ACADEMY CHARTER SCHOOL,FOUNDATION ACADEMY CHARTER SCHOOL,Trenton,8618,Charter,1,480,512,992,41920
1610,050,35,SOMERSET,FRANKLIN TOWNSHIP,FRANKLIN HIGH SCHOOL,Somerset,8873,Public,3,541,531,1072,93264
1650,010,25,MONMOUTH,FREEHOLD REGIONAL,COLTS NECK HIGH SCHOOL,Englishtown,7726,Public,3,601,608,1209,106678
1650,050,25,MONMOUTH,FREEHOLD REGIONAL,FREEHOLD BOROUGH HIGH SCHOOL,Englishtown,7726,Public,3,582,579,1161,106678
1650,055,25,MONMOUTH,FREEHOLD REGIONAL,FREEHOLD TOWNSHIP HIGH SCHOOL,Englishtown,7726,Public,3,576,582,1158,106678
1650,060,25,MONMOUTH,FREEHOLD REGIONAL,HOWELL HIGH SCHOOL,Englishtown,7726,Public,3,572,570,1142,106678
1650,070,25,MONMOUTH,FREEHOLD REGIONAL,MANALAPAN HIGH SCHOOL,Englishtown,7726,Public,3,579,577,1156,106678
1650,080,25,MONMOUTH,FREEHOLD REGIONAL,MARLBORO HIGH SCHOOL,Englishtown,7726,Public,3,619,617,1236,106678
1700,050,3,BERGEN,GARFIELD CITY,GARFIELD HIGH SCHOOL,GARFIELD,7026,Public,3,511,499,1010,54063
1700,301,3,BERGEN,GARFIELD CITY,GARFIELD HIGH SCHOOL,GARFIELD,7026,Public,3,511,499,1010,54063
1715,050,15,GLOUCESTER,GATEWAY REGIONAL,GATEWAY REGIONAL HIGH SCHOOL,Woodbury Heights,8096,Public,3,566,562,1128,68785
1730,050,15,GLOUCESTER,GLASSBOROUGH,GLASSBORO HIGH SCHOOL,Glassboro,8028,Public,3,531,522,1053,67875
1750,050,13,ESSEX,GLEN RIDGE BOROUGH,GLEN RIDGE HIGH SCHOOL,Glen Ridge,7028,Public,3,592,607,1199,196821
1760,050,3,BERGEN,GLEN ROCK BOROUGH,GLEN ROCK HIGH SCHOOL,GLEN ROCK,7452,Public,3,619,610,1229,162443
1770,050,7,CAMDEN,GLOUCESTER CITY,GLOUCESTER CITY JR. SR. HIGH SCHOOL,Gloucester City,8030,Public,3,514,511,1025,51152
1775,010,15,GLOUCESTER,GLOUCESTER COUNTY VOCATIONAL,GLOUCESTER COUNTY INSTITUTE OF TECHNOLOGY,Sewell,8080,Vocational,2,571,586,1157,97452
6053,917,13,ESSEX,GREAT OAKS LEGACY CHARTER SCHOOL,GREAT OAKS LEGACY CHARTER SCHOOL,Newark,7102,Charter,1,487,481,968,24353
1790,040,1,ATLANTIC,GREATER EGG HARBOR REG,ABSEGAMI HIGH SCHOOL,Mays Landing,8330,Public,3,542,543,1085,64266
1790,060,1,ATLANTIC,GREATER EGG HARBOR REG,CEDAR CREEK HIGH SCHOOL,Mays Landing,8330,Public,3,544,549,1093,64266
1790,050,1,ATLANTIC,GREATER EGG HARBOR REG,OAKCREST HIGH SCHOOL,Mays Landing,8330,Public,3,509,518,1027,64266
1860,050,3,BERGEN,HACKENSACK CITY,HACKENSACK HIGH SCHOOL,Hackensack,7601,Public,3,509,510,1019,59277
1870,050,41,WARREN,HACKETTSTOWN,HACKETTSTOWN HIGH SCHOOL,Hackettstown,7840,Public,3,559,555,1114,63940
1880,050,7,CAMDEN,HADDON HEIGHTS BOROUGH,HADDON HEIGHTS JR-SR HS,HADDON HEIGHTS,8035,Public,3,541,545,1086,90387
1890,050,7,CAMDEN,HADDON TOWNSHIP,HADDON TOWNSHIP HIGH SCHOOL,WESTMONT,8108,Public,3,589,578,1167,86360
1900,050,7,CAMDEN,HADDONFIELD BOROUGH,HADDONFIELD MEMORIAL HIGH SCHOOL,Haddonfield,8033,Public,3,627,635,1262,139034
1950,050,21,MERCER,HAMILTON TOWNSHIP,HAMILTON EAST - STEINERT,Hamilton,8690,Public,3,552,561,1113,73415
1950,055,21,MERCER,HAMILTON TOWNSHIP,HAMILTON NORTH-NOTTINGHAM,Hamilton,8690,Public,3,498,516,1014,73415
1950,060,21,MERCER,HAMILTON TOWNSHIP,HAMILTON WEST-WATSON,Hamilton,8690,Public,3,527,525,1052,73415
1960,050,1,ATLANTIC,HAMMONTON TOWN,HAMMONTON HIGH SCHOOL,Hammonton,8037,Public,3,563,554,1117,68655
1990,050,27,MORRIS,HANOVER PARK REGIONAL,HANOVER PARK HIGH SCHOOL,East Hanover,7936,Public,3,568,580,1148,121769
1990,070,27,MORRIS,HANOVER PARK REGIONAL,WHIPPANY PARK HIGH SCHOOL,East Hanover,7936,Public,3,590,596,1186,121769
2060,050,17,HUDSON,HARRISON TOWN,HARRISON HIGH SCHOOL,Harrison,7029,Public,3,502,504,1006,61168
2080,050,3,BERGEN,HASBROUCK HEIGHTS BOROUGH,HASBROUCK HEIGHTS HIGH SCHOOL,Hasbrouck Heights,7604,Public,3,548,558,1106,86993
2100,050,31,PASSAIC,HAWTHORNE BOROUGH,HAWTHORNE HIGH SCHOOL,Hawthorne,7506,Public,3,508,526,1034,93675
2105,050,25,MONMOUTH,HAZLET TOWNSHIP,RARITAN HIGH SCHOOL,Hazlet,7730,Public,3,540,554,1094,94657
2120,050,25,MONMOUTH,HENRY HUDSON REGIONAL,HENRY HUDSON REGIONAL SCHOOL,Highlands,7732,Public,3,547,563,1110,60817
2165,030,37,SUSSEX,HIGH POINT REGIONAL,HIGH POINT REGIONAL HIGH SCHOOL,SUSSEX,7461,Public,3,551,562,1113,84676
2150,050,23,MIDDLESEX,HIGHLAND PARK BOROUGH,HIGHLAND PARK HIGH SCHOOL,HIGHLAND PARK,8904,Public,3,580,602,1182,75913
2170,030,35,SOMERSET,HILLSBOROUGHUGH TOWNSHIP,HILLSBOROUGH HIGH SCHOOL,Hillsborough,8844,Public,3,618,601,1219,120173
2190,050,39,UNION,HILLSIDE TOWNSHIP,HILLSIDE HIGH SCHOOL,Hillside,7205,Public,3,472,481,953,65717
6720,930,3,BERGEN,HOBOKEN CHARTER SCHOOL,HOBOKEN CHARTER SCHOOL,Hoboken,7030,Charter,1,466,448,914,127523
2210,005,17,HUDSON,HOBOKEN CITY,HOBOKEN HIGH SCHOOL,Hoboken,7030,Public,3,465,470,935,127523
2230,020,25,MONMOUTH,HOLMDEL TOWNSHIP,HOLMDEL HIGH SCHOOL,Holmdel,7733,Public,3,611,601,1212,155842
2240,030,37,SUSSEX,HOPATCONG,HOPATCONG HIGH SCHOOL,Hopatcong,7843,Public,3,526,550,1076,78694
2280,030,21,MERCER,HOPEWELL VALLEY REGIONAL,HOPEWELL VALLEY CENTRAL HIGH SCHOOL,Pennington,8534,Public,3,627,631,1258,127458
2295,030,17,HUDSON,HUDSON COUNTY VOCATIONAL,COUNTY PREP HIGH SCHOOL,Secaucus,7094,Vocational,2,548,542,1090,99883
2295,050,17,HUDSON,HUDSON COUNTY VOCATIONAL,HIGH TECH HIGH SCHOOL,Secaucus,7094,Vocational,2,595,597,1192,99883
2300,050,19,HUNTERDON,HUNTERDON CENTRAL REG,HUNTERDON CENTRAL REGIONAL HIGH SCHOOL DISTRICT,Flemington,8822,Public,3,604,598,1202,107215
2330,050,13,ESSEX,IRVINGTON TOWNSHIP,IRVINGTON HIGH SCHOOL,IRVINGTON,7111,Public,3,418,429,847,39734
2360,025,29,OCEAN,JACKSON TOWNSHIP,JACKSON LIBERTY HIGH SCHOOL,Jackson,8527,Public,3,550,559,1109,88063
2360,020,29,OCEAN,JACKSON TOWNSHIP,JACKSON MEMORIAL HIGH SCHOOL,Jackson,8527,Public,3,577,566,1143,88063
2380,020,27,MORRIS,JEFFERSON TOWNSHIP,JEFFERSON TOWNSHIP HIGH SCHOOL,Lake Hopatcong,7849,Public,3,547,546,1093,97440
2390,075,17,HUDSON,JERSEY CITY,DR RONALD MCNAIR HIGH SCHOOL,Jersey City,7305,Public,3,662,646,1308,62739
2390,050,17,HUDSON,JERSEY CITY,HENRY SNYDER HIGH SCHOOL,Jersey City,7305,Public,3,431,438,869,62739
2390,002,17,HUDSON,JERSEY CITY,INFINITY INSTITUTE,Jersey City,7305,Public,3,598,567,1165,62739
2390,060,17,HUDSON,JERSEY CITY,JAMES J FERRIS HIGH SCHOOL,Jersey City,7305,Public,3,447,435,882,62739
2390,082,17,HUDSON,JERSEY CITY,LIBERTY HIGH SCHOOL,Jersey City,7305,Public,3,503,501,1004,62739
2390,070,17,HUDSON,JERSEY CITY,LINCOLN HIGH SCHOOL,Jersey City,7305,Public,3,428,431,859,62739
2390,080,17,HUDSON,JERSEY CITY,WILLIAM L DICKINSON HIGH SCHOOL,Jersey City,7305,Public,3,497,473,970,62739
2400,010,25,MONMOUTH,KEANSBURG BOROUGH,KEANSBURG HIGH SCHOOL,Keansburg,7734,Public,3,475,496,971,46250
2410,050,17,HUDSON,KEARNY TOWN,KEARNY HIGH SCHOOL,Kearny,7032,Public,3,513,519,1032,63271
2420,010,39,UNION,KENILWORTH BOROUGH,DAVID BREARLEY MIDDLE/HIGH SCHOOL,Kenilworth,7033,Public,3,503,512,1015,108281
2430,050,25,MONMOUTH,KEYPORT BOROUGH,KEYPORT HIGH SCHOOL,Keyport,7735,Public,3,486,488,974,56935
2440,050,15,GLOUCESTER,KINGSWAY REGIONAL,KINGSWAY REGIONAL HIGH SCHOOL,Woolwich Twp.,8085,Public,3,561,562,1123,111318
2460,050,27,MORRIS,KINNELON BOROUGH,KINNELON HIGH SCHOOL,Kinnelon,7405,Public,3,583,586,1169,147267
2465,050,37,SUSSEX,KITTATINNY REGIONAL,KITTATINNY REGIONAL HIGH SCHOOL,Newton,7860,Public,3,572,579,1151,82716
2480,020,29,OCEAN,LACEY TOWNSHIP,LACEY TOWNSHIP HIGH SCHOOL,Lanoka Harbor,8734,Public,3,540,551,1091,78649
2510,050,31,PASSAIC,LAKELAND REGIONAL,LAKELAND REGIONAL HIGH SCHOOL,Wanaque,7465,Public,3,559,566,1125,85545
2520,050,29,OCEAN,LAKEWOOD TOWNSHIP,LAKEWOOD HIGH SCHOOL,Lakewood,8701,Public,3,452,448,900,45321
2580,040,21,MERCER,LAWRENCE TOWNSHIP,LAWRENCE HIGH SCHOOL,Lawrenceville,8648,Public,3,575,579,1154,73277
7109,931,7,CAMDEN,LEAP ACADEMY UNIVERSITY CHARTER SCHOOL,LEAP ACADEMY UNIVERSITY CHARTER SCHOOL,CAMDEN,8102,Charter,1,443,439,882,20529
2610,040,5,BURLINGTON,LENAPE REGIONAL,CHEROKEE HIGH SCHOOL,Shamong,8088,Public,3,585,573,1158,77303
2610,050,5,BURLINGTON,LENAPE REGIONAL,LENAPE HIGH SCHOOL,Shamong,8088,Public,3,590,576,1166,77303
2610,070,5,BURLINGTON,LENAPE REGIONAL,SENECA HIGH SCHOOL,Shamong,8088,Public,3,554,569,1123,77303
2610,060,5,BURLINGTON,LENAPE REGIONAL,SHAWNEE HIGH SCHOOL,Shamong,8088,Public,3,583,588,1171,77303
2615,050,37,SUSSEX,LENAPE VALLEY REGIONAL,LENAPE VALLEY REGIONAL HIGH SCHOOL,Stanhope,7874,Public,3,561,563,1124,90613
2620,050,3,BERGEN,LEONIA BOROUGH,LEONIA HIGH SCHOOL,Leonia,7605,Public,3,580,595,1175,89744
2660,050,39,UNION,LINDEN CITY,LINDEN HIGH SCHOOL,Linden,7036,Public,3,493,503,996,66538
2670,005,7,CAMDEN,LINDENWOLD BOROUGH,LINDENWOLD HIGH SCHOOL,Lindenwold,8021,Public,3,494,478,972,41346
2730,050,13,ESSEX,LIVINGSTON TOWNSHIP,LIVINGSTON HIGH SCHOOL,Livingston,7039,Public,3,625,615,1240,153381
2740,050,3,BERGEN,LODI BOROUGH,LODI HIGH SCHOOL,Lodi,7644,Public,3,518,514,1032,57188
2770,050,25,MONMOUTH,LONG BRANCH CITY,LONG BRANCH HIGH SCHOOL,LONG BRANCH,7740,Public,3,485,476,961,54398
2820,050,9,CAPE MAY,LOWER CAPE MAY REGIONAL,LOWER CAPE MAY REGIONAL HIGH SCHOOL,Cape May,8204,Public,3,544,536,1080,67186
2860,050,3,BERGEN,LYNDHURST TOWNSHIP,LYNDHURST HIGH SCHOOL,Lyndhurst,7071,Public,3,554,549,1103,73218
6068,951,17,HUDSON,M.E.T.S. CHARTER SCHOOL,M.E.T.S. CHARTER SCHOOL,JERSEY CITY,7307,Charter,1,495,487,982,59744
2870,050,27,MORRIS,MADISON BOROUGH,MADISON HIGH SCHOOL,Madison,7940,Public,3,616,621,1237,127948
2900,050,3,BERGEN,MAHWAH TOWNSHIP,MAHWAH HIGH SCHOOL,Mahwah,7430,Public,3,609,594,1203,107215
2910,050,1,ATLANTIC,MAINLAND REGIONAL,MAINLAND REGIONAL HIGH SCHOOL,LINWOOD,8221,Public,3,560,565,1125,91861
2930,050,25,MONMOUTH,MANASQUAN BOROUGH,MANASQUAN HIGH SCHOOL,Manasquan,8736,Public,3,584,568,1152,106298
2940,040,29,OCEAN,MANCHESTER TOWNSHIP,MANCHESTER TOWNSHIP HIGH SCHOOL,Whiting,8759,Public,3,542,536,1078,41689
3000,050,35,SOMERSET,MANVILLE BOROUGH,MANVILLE HIGH SCHOOL,Manville,8835,Public,3,551,555,1106,67080
3010,030,5,BURLINGTON,MAPLE SHADE TOWNSHIP,MAPLE SHADE HIGH SCHOOL,Maple Shade,8052,Public,3,539,534,1073,57460
7210,940,1,ATLANTIC,MARION P. THOMAS CHARTER SCHOOL,MARION P. THOMAS CHARTER SCHOOL,NEWARK,7103,Charter,1,436,452,888,27859
3040,050,25,MONMOUTH,MATAWAN-ABERDEEN REGIONAL,MATAWAN REGIONAL HIGH SCHOOL,Aberdeen,7747,Public,3,560,547,1107,91536
3120,050,23,MIDDLESEX,METUCHEN BOROUGH,METUCHEN HIGH SCHOOL,Metuchen,8840,Public,3,583,594,1177,116632
3130,050,9,CAPE MAY,MIDDLE TOWNSHIP,MIDDLE TOWNSHIP HIGH SCHOOL,Cape May Court House,8210,Public,3,562,555,1117,62249
3140,050,23,MIDDLESEX,MIDDLESEX BOROUGH,MIDDLESEX HIGH SCHOOL,Middlesex,8846,Public,3,579,559,1138,73196
3150,070,23,MIDDLESEX,MIDDLESEX COUNTY VOCATIONAL,MIDDLESEX COUNTY VOC ACAD ALLIED HEALTH & BIOMEDICAL SCIENCE,East Brunswick,8816,Vocational,2,715,708,1423,106039
3150,010,23,MIDDLESEX,MIDDLESEX COUNTY VOCATIONAL,MIDDLESEX COUNTY VOC ACADEMY MATH SCIENCE &ENGINEERING TECHNOLOGY,East Brunswick,8816,Vocational,2,760,742,1502,106039
3150,040,23,MIDDLESEX,MIDDLESEX COUNTY VOCATIONAL,MIDDLESEX COUNTY VOCATIONAL SCHOOL EAST BRUNSWICK,East Brunswick,8816,Vocational,2,492,524,1016,106039
3150,060,23,MIDDLESEX,MIDDLESEX COUNTY VOCATIONAL,MIDDLESEX COUNTY VOCATIONAL SCHOOL PERTH AMBOY,East Brunswick,8816,Vocational,2,474,476,950,106039
3150,065,23,MIDDLESEX,MIDDLESEX COUNTY VOCATIONAL,MIDDLESEX COUNTY VOCATIONAL SCHOOL PISCATAWAY,East Brunswick,8816,Vocational,2,455,460,915,106039
3160,050,25,MONMOUTH,MIDDLETOWN TOWNSHIP,MIDDLETOWN HIGH SCHOOL NORTH,Leonardo,7748,Public,3,565,562,1127,105035
3160,053,25,MONMOUTH,MIDDLETOWN TOWNSHIP,MIDDLETOWN HIGH SCHOOL SOUTH,Leonardo,7748,Public,3,580,569,1149,105035
3170,050,3,BERGEN,MIDLAND PARK BOROUGH,MIDLAND PARK JR./SR. HIGH SCHOOL,Midland Park,7432,Public,3,560,586,1146,105313
3190,050,13,ESSEX,MILLBURN TOWNSHIP,MILLBURN HIGH SCHOOL,Millburn,7041,Public,3,666,660,1326,202862
3230,050,11,CUMBERLAND,MILLVILLE CITY,MILLVILLE SENIOR HIGH SCHOOL,Millville,8332,Public,3,522,530,1052,49950
3260,025,25,MONMOUTH,MONMOUTH COUNTY VOCATIONAL,ACADEMY OF ALLIED HEALTH AND SCIENCE,Freehold,7728,Vocational,2,698,686,1384,86037
3260,028,25,MONMOUTH,MONMOUTH COUNTY VOCATIONAL,BIOTECHNOLOGY HIGH SCHOOL,Freehold,7728,Vocational,2,746,731,1477,86037
3260,004,25,MONMOUTH,MONMOUTH COUNTY VOCATIONAL,COMMUNICATIONS HIGH SCHOOL,Freehold,7728,Vocational,2,673,689,1362,86037
3260,010,25,MONMOUTH,MONMOUTH COUNTY VOCATIONAL,HIGH TECHNOLOGY HIGH SCHOOL,Freehold,7728,Vocational,2,761,739,1500,86037
3260,020,25,MONMOUTH,MONMOUTH COUNTY VOCATIONAL,MARINE ACADEMY OF SCIENCE AND TECHNOLOGY,Freehold,7728,Vocational,2,673,673,1346,86037
3270,050,25,MONMOUTH,MONMOUTH REGIONAL,MONMOUTH REGIONAL HIGH SCHOOL,Tinton Falls,7724,Public,3,537,547,1084,79868
3290,005,23,MIDDLESEX,MONROE TOWNSHIP,MONROE TOWNSHIP HIGH SCHOOL,MONROE TOWNSHIP,8831,Public,3,584,583,1167,74800
3280,050,15,GLOUCESTER,MONROE TOWNSHIP,WILLIAMSTOWN HIGH SCHOOL,Williamstown,8094,Public,3,541,546,1087,74800
3310,050,13,ESSEX,MONTCLAIR TOWN,MONTCLAIR HIGH SCHOOL,Montclair,7042,Public,3,574,585,1159,113293
3320,030,35,SOMERSET,MONTGOMERY TOWNSHIP,MONTGOMERY HIGH SCHOOL,Skillman,8558,Public,3,674,657,1331,176737
3340,010,27,MORRIS,MONTVILLE TOWNSHIP,MONTVILLE TOWNSHIP HIGH SCHOOL,Montville,7045,Public,3,606,596,1202,134752
3360,040,5,BURLINGTON,MOORESTOWN TOWNSHIP,MOORESTOWN HIGH SCHOOL,Moorestown,8057,Public,3,601,601,1202,133902
3365,010,27,MORRIS,MORRIS COUNTY VOCATIONAL,ACADEMY FOR LAW AND PUBLIC SAFETY,Denville,7834,Vocational,2,587,632,1219,116273
3365,050,27,MORRIS,MORRIS COUNTY VOCATIONAL,MORRIS COUNTY SCHOOL OF TECHNOLOGY,Denville,7834,Vocational,2,602,619,1221,116273
3370,050,27,MORRIS,MORRIS HILLS REGIONAL,MORRIS HILLS HIGH SCHOOL,Denville,7866,Public,3,595,586,1181,102712
3370,060,27,MORRIS,MORRIS HILLS REGIONAL,MORRIS KNOLLS HIGH SCHOOL,Denville,7866,Public,3,564,572,1136,102712
3385,050,27,MORRIS,MORRIS SCHOOL DISTRICT,MORRISTOWN HIGH SCHOOL,MORRISTOWN,7960,Public,3,573,583,1156,114844
3450,010,27,MORRIS,MOUNT OLIVE TOWNSHIP,MOUNT OLIVE HIGH SCHOOL,Flanders,7836,Public,3,591,571,1162,86773
3460,050,27,MORRIS,MOUNTAIN LAKES BOROUGH,MOUNTAIN LAKES HIGH SCHOOL,Mt Lakes,7046,Public,3,609,614,1223,175556
3660,050,19,HUNTERDON,N HUNT/VOORHEES REGIONAL,NORTH HUNTERDON HIGH SCHOOL,Annandale,8801,Public,3,619,613,1232,120435
3660,060,19,HUNTERDON,N HUNT/VOORHEES REGIONAL,VOORHEES HIGH SCHOOL,Annandale,8801,Public,3,599,600,1199,120435
3510,050,25,MONMOUTH,NEPTUNE TOWNSHIP,NEPTUNE HIGH SCHOOL,Neptune Twp,7753,Public,3,500,517,1017,67836
3530,050,23,MIDDLESEX,NEW BRUNSWICK CITY,NEW BRUNSWICK HIGH SCHOOL,New Brunswick,8901,Public,3,502,490,992,38413
3550,050,3,BERGEN,NEW MILFORD BOROUGH,NEW MILFORD HIGH SCHOOL,NEW MILFORD,7646,Public,3,543,544,1087,84025
3560,050,39,UNION,NEW PROVIDENCE BOROUGH,NEW PROVIDENCE HIGH SCHOOL,New Providence,7974,Public,3,614,622,1236,129638
3570,087,13,ESSEX,NEWARK CITY,AMERICAN HISTORY HIGH SCHOOL,Newark,7102,Public,3,463,476,939,34826
3570,010,13,ESSEX,NEWARK CITY,ARTS HIGH SCHOOL,Newark,7102,Public,3,487,496,983,34826
3570,304,13,ESSEX,NEWARK CITY,BARD EARLY COLLEGE HIGH SCHOOL,Newark,7102,Public,3,497,518,1015,34826
3570,020,13,ESSEX,NEWARK CITY,BARRINGER ARTS HIGH SCHOOL,Newark,7102,Public,3,395,400,795,34826
3570,030,13,ESSEX,NEWARK CITY,CENTRAL HIGH SCHOOL,Newark,7102,Public,3,406,413,819,34826
3570,040,13,ESSEX,NEWARK CITY,EAST SIDE HIGH SCHOOL,Newark,7102,Public,3,447,439,886,34826
3570,050,13,ESSEX,NEWARK CITY,MALCOLM X SHABAZZ HIGH SCHOOL,Newark,7102,Public,3,412,434,846,34826
3570,309,13,ESSEX,NEWARK CITY,NEWARK EARLY COLLEGE HIGH SCHOOL,Newark,7102,Public,3,448,486,934,34826
3570,045,13,ESSEX,NEWARK CITY,NEWARK VOCATIONAL HIGH SCHOOL,Newark,7102,Vocational,2,412,433,845,34826
3570,055,13,ESSEX,NEWARK CITY,SCIENCE PARK HIGH SCHOOL,Newark,7102,Public,3,600,585,1185,34826
3570,056,13,ESSEX,NEWARK CITY,TECHNOLOGY HIGH SCHOOL,Newark,7102,Vocational,2,501,500,1001,34826
3570,057,13,ESSEX,NEWARK CITY,UNIVERSITY HIGH SCHOOL,Newark,7102,Public,3,483,479,962,34826
3570,070,13,ESSEX,NEWARK CITY,WEEQUAHIC HIGH SCHOOL,Newark,7102,Public,3,409,422,831,34826
6059,941,13,ESSEX,NEWARK CITY,NEWARK PREP CHARTER SCHOOL,Newark,7102,Charter,1,438,458,896,34826
3590,050,37,SUSSEX,NEWTON TOWN,NEWTON HIGH SCHOOL,Newton,7860,Public,3,559,558,1117,63661
3600,050,3,BERGEN,NORTH ARLINGTON BOROUGH,NORTH ARLINGTON HIGH SCHOOL,North Arlington,7031,Public,3,536,534,1070,74481
3610,050,17,HUDSON,NORTH BERGEN TOWNSHIP,NORTH BERGEN HIGH SCHOOL,North Bergen,7047,Public,3,481,490,971,57269
3620,040,23,MIDDLESEX,NORTH BRUNSWICK TOWNSHIP,NORTH BRUNSWICK TOWNSHIP HIGH SCHOOL,North Brunswick,8902,Public,3,551,555,1106,88723
3670,050,35,SOMERSET,NORTH PLAINFIELD BOROUGH,NORTH PLAINFIELD HIGH SCHOOL,North Plainfield,7060,Public,3,515,508,1023,71895
7320,960,17,HUDSON,NORTH STAR ACADEMY CHARTER SCHOOL,NORTH STAR ACADEMY CHARTER SCHOOL,NEWARK,7102,Charter,1,577,563,1140,24353
3675,050,41,WARREN,NORTH WARREN REGIONAL,NORTH WARREN REGIONAL SCHOOL,Blairstown,7825,Public,3,555,565,1120,91903
3690,050,5,BURLINGTON,NORTHERN BURLINGTON REG,NORTHERN BURLINGTON COUNTY REGIONAL HIGH SCHOOL,Columbus,8022,Public,3,566,578,1144,89770
3700,050,3,BERGEN,NORTHERN HIGHLANDS REG,NORTHERN HIGHLANDS REGIONAL HIGH SCHOOL,Allendale,7401,Public,3,624,624,1248,151875
3710,050,3,BERGEN,NORTHERN VALLEY REGIONAL,NORTHERN VALLEY REGIONAL HIGH SCHOOL AT DEMAREST,Demarest,7627,Public,3,638,625,1263,149271
3710,300,3,BERGEN,NORTHERN VALLEY REGIONAL,NORTHERN VALLEY REGIONAL HIGH SCHOOL AT DEMAREST,Demarest,7627,Public,3,638,625,1263,149271
3710,060,3,BERGEN,NORTHERN VALLEY REGIONAL,NORTHERN VALLEY REGIONAL HIGH SCHOOL AT OLD TAPPAN,Demarest,7627,Public,3,607,607,1214,149271
3750,050,13,ESSEX,NUTLEY TOWN,NUTLEY HIGH SCHOOL,NUTLEY,7110,Public,3,562,555,1117,93691
3780,050,9,CAPE MAY,OCEAN CITY,OCEAN CITY HIGH SCHOOL,Ocean City,8226,Public,3,568,574,1142,72715
3790,045,29,OCEAN,OCEAN COUNTY VOCATIONAL,MARINE ACADEMY OF TECHNOLOGY AND ENVIRONMENTAL SCIENCE,Toms River,8753,Vocational,2,730,693,1423,77119
3790,055,29,OCEAN,OCEAN COUNTY VOCATIONAL,PERFORMING ARTS ACADEMY OF THE OCEAN COUNTY VOCATIONAL TECH,Toms River,8753,Vocational,2,543,563,1106,77119
3810,030,25,MONMOUTH,OCEAN TOWNSHIP,OCEAN TOWNSHIP HIGH SCHOOL,Oakhurst,7755,Public,3,556,561,1117,83125
3845,040,23,MIDDLESEX,OLD BRIDGE TOWNSHIP,OLD BRIDGE HIGH SCHOOL,Matawan,7747,Public,3,553,561,1114,88540
3910,050,3,BERGEN,PALISADES PARK,PALISADES PARK JR-SR HIGH SCHOOL,Palisades Park,7650,Public,3,550,550,1100,64538
3920,050,5,BURLINGTON,PALMYRA BOROUGH,PALMYRA HIGH SCHOOL,Palmyra,8065,Public,3,513,524,1037,68307
3930,050,3,BERGEN,PARAMUS BOROUGH,PARAMUS HIGH SCHOOL,Paramus,7652,Public,3,571,570,1141,105114
3940,050,3,BERGEN,PARK RIDGE BOROUGH,PARK RIDGE HIGH SCHOOL,Park Ridge,7656,Public,3,582,573,1155,106875
3950,050,27,MORRIS,PARSIPPANY-TROY HILLS TOWNSHIP,PARSIPPANY HIGH SCHOOL,Parsippany,7054,Public,3,576,574,1150,93915
3950,053,27,MORRIS,PARSIPPANY-TROY HILLS TOWNSHIP,PARSIPPANY HILLS HIGH SCHOOL,Parsippany,7054,Public,3,599,593,1192,93915
3960,040,3,BERGEN,PASCACK VALLEY REGIONAL,PASCACK HILLS HIGH SCHOOL,Montvale,7645,Public,3,601,598,1199,120060
3960,050,3,BERGEN,PASCACK VALLEY REGIONAL,PASCACK VALLEY HIGH SCHOOL,Montvale,7645,Public,3,590,587,1177,120060
3970,050,31,PASSAIC,PASSAIC CITY,PASSAIC HIGH SCHOOL # 12,Passaic,7055,Public,3,445,436,881,34920
3980,010,31,PASSAIC,PASSAIC CO MANCHESTER REG,PASSAIC COUNTY-MANCHESTER REGIONAL HIGH SCHOOL,HALEDON,7508,Public,3,500,502,1002,77128
3995,050,31,PASSAIC,PASSAIC COUNTY VOCATIONAL,PASSAIC COUNTY TECHNICAL INSTITUTE,Wayne,7470,Vocational,2,527,519,1046,108092
3990,050,31,PASSAIC,PASSAIC VALLEY REGIONAL,PASSAIC VALLEY REGIONAL HIGH SCHOOL,LITTLE FALLS,7424,Public,3,534,538,1072,79302
4010,035,31,PASSAIC,PATERSON CITY,INTERNATIONAL HIGH SCHOOL,PATERSON,7503,Public,3,443,435,878,36106
4010,020,31,PASSAIC,PATERSON CITY,ROSA L. PARKS SCHOOL OF FINE AND PERFORMING ARTS,PATERSON,7503,Public,3,459,487,946,36106
4010,307,31,PASSAIC,PATERSON CITY,SCHOOL OF ARCHITECTURE AND CONSTRUCTION TRADES,PATERSON,7503,Public,3,444,432,876,36106
4010,306,31,PASSAIC,PATERSON CITY,SCHOOL OF BUSINESS TECHNOLOGY,PATERSON,7503,Vocational,2,444,439,883,36106
4010,002,31,PASSAIC,PATERSON CITY,"SCHOOL OF CULINARY ARTS, HOSPITALITY AND TOURISM",PATERSON,7503,Public,3,435,460,895,36106
4010,005,31,PASSAIC,PATERSON CITY,SCHOOL OF EARTH AND SPACE SCIENCE,PATERSON,7503,Public,3,457,451,908,36106
4010,305,31,PASSAIC,PATERSON CITY,SCHOOL OF EDUCATION AND TRAINING,PATERSON,7503,Public,3,416,418,834,36106
4010,003,31,PASSAIC,PATERSON CITY,SCHOOL OF GOVERNMENT & PUBLIC ADMINISTRATION,PATERSON,7503,Public,3,418,415,833,36106
4010,004,31,PASSAIC,PATERSON CITY,SCHOOL OF HEALTH SCIENCE,PATERSON,7503,Public,3,486,482,968,36106
4010,001,31,PASSAIC,PATERSON CITY,SCHOOL OF INFORMATION TECHNOLOGY,PATERSON,7503,Vocational,2,436,438,874,36106
4010,304,31,PASSAIC,PATERSON CITY,"SCHOOL OF SCIENCE, TECHNOLOGY, ENGINEERING AND MATHEMATICS",PATERSON,7503,Vocational,2,487,462,949,36106
4020,050,15,GLOUCESTER,PAULSBOROUGH BOROUGH,PAULSBORO HIGH SCHOOL,PAULSBORO,8066,Public,3,477,473,950,49303
4050,055,5,BURLINGTON,PEMBERTON TOWNSHIP,PEMBERTON TOWNSHIP HIGH SCHOOL,Pemberton,8068,Public,3,504,525,1029,63128
4070,050,33,SALEM,PENNS GRV-CARNEY'S PT REG,PENNS GROVE HIGH SCHOOL,Penns Grove,8069,Public,3,502,512,1014,49176
4060,050,7,CAMDEN,PENNSAUKEN TOWNSHIP,PENNSAUKEN HIGH SCHOOL,PENNSAUKEN,8110,Public,3,496,497,993,67495
4075,050,33,SALEM,PENNSVILLE,PENNSVILLE MEMORIAL HIGH SCHOOL,PENNSVILLE,8070,Public,3,536,546,1082,62417
6057,938,13,ESSEX,PEOPLES PREPARATORY CHARTER SCHOOL,PEOPLES PREPARATORY CHARTER SCHOOL,Newark,7103,Charter,1,486,495,981,27859
4080,050,27,MORRIS,PEQUANNOCK TOWNSHIP,PEQUANNOCK TOWNSHIP HIGH SCHOOL,Pompton Plains,7444,Public,3,582,586,1168,94237
4090,050,23,MIDDLESEX,PERTH AMBOY CITY,PERTH AMBOY HIGH SCHOOL,Perth Amboy,8861,Public,3,481,471,952,50883
4100,050,41,WARREN,PHILLIPSBURG TOWN,PHILLIPSBURG HIGH SCHOOL,Phillipsburg,8865,Public,3,567,567,1134,49274
4110,010,7,CAMDEN,PINE HILL BOROUGH,OVERBROOK SENIOR HIGH SCHOOL,Pine HIll,8021,Public,3,514,523,1037,51286
4105,050,29,OCEAN,PINELANDS REGIONAL,PINELANDS REGIONAL HIGH SCHOOL,Little Egg Harbor,8087,Public,3,533,559,1092,63832
4130,050,23,MIDDLESEX,PISCATAWAY TOWNSHIP,PISCATAWAY TOWNSHIP HIGH SCHOOL,Piscataway,8854,Public,3,568,555,1123,89617
4140,050,15,GLOUCESTER,PITMAN BOROUGH,PITMAN HIGH SCHOOL,Pitman,8071,Public,3,538,546,1084,73538
4150,040,33,SALEM,PITTSGROVE TOWNSHIP,ARTHUR P SCHALICK HIGH SCHOOL,PITTSGROVE,8318,Public,3,535,559,1094,77537
4160,052,39,UNION,PLAINFIELD CITY,PLAINFIELD ACADEMY FOR THE ARTS & ADVANCED STUDIES,Plainfield,7063,Public,3,481,497,978,56425
4160,050,39,UNION,PLAINFIELD CITY,PLAINFIELD HIGH SCHOOL,Plainfield,7063,Public,3,464,458,922,56425
4180,050,1,ATLANTIC,PLEASANTVILLE CITY,PLEASANTVILLE HIGH SCHOOL,Pleasantville,8232,Public,3,458,453,911,39924
4190,010,29,OCEAN,PLUMSTED TOWNSHIP,NEW EGYPT HIGH SCHOOL,New Egypt,8533,Public,3,537,540,1077,91438
4220,050,29,OCEAN,POINT PLEASANT BEACH BOROUGH,POINT PLEASANT BEACH HIGH SCHOOL,Point Pleasant Beach,8742,Public,3,580,585,1165,92991
4210,030,29,OCEAN,POINT PLEASANT BOROUGH,POINT PLEASANT BOROUGH HIGH SCHOOL,Point Pleasant,8742,Public,3,561,560,1121,93276
4230,050,31,PASSAIC,POMPTON LAKES BOROUGH,POMPTON LAKES HIGH SCHOOL,POMPTON LAKES,7442,Public,3,566,546,1112,92952
4255,050,21,MERCER,PRINCETON REGIONAL,PRINCETON HIGH SCHOOL,Princeton,8540,Public,3,663,661,1324,135975
4290,050,39,UNION,RAHWAY CITY,RAHWAY HIGH SCHOOL,Rahway,7065,Public,3,491,505,996,69813
4300,030,3,BERGEN,RAMAPO-INDIAN HILL REG,INDIAN HILLS HIGH SCHOOL,Oakland,7436,Public,3,587,606,1193,112944
4300,050,3,BERGEN,RAMAPO-INDIAN HILL REG,RAMAPO HIGH SCHOOL,Oakland,7436,Public,3,623,616,1239,112944
4310,050,3,BERGEN,RAMSEY BOROUGH,RAMSEY HIGH SCHOOL,Ramsey,7446,Public,3,599,609,1208,137768
4320,050,5,BURLINGTON,RANCOCAS VALLEY REGIONAL,RANCOCAS VALLEY REGIONAL HIGH SCHOOL,Mount Holly,8060,Public,3,567,560,1127,79475
4330,050,27,MORRIS,RANDOLPH TOWNSHIP,RANDOLPH HIGH SCHOOL,Randolph,7869,Public,3,596,597,1193,128125
4365,050,25,MONMOUTH,RED BANK REGIONAL,RED BANK REGIONAL HIGH SCHOOL,Little Silver,7739,Public,3,576,583,1159,144250
4370,050,3,BERGEN,RIDGEFIELD BOROUGH,RIDGEFIELD MEMORIAL HIGH SCHOOL,Ridgefield,7657,Public,3,577,560,1137,66690
4380,050,3,BERGEN,RIDGEFIELD PARK TOWNSHIP,RIDGEFIELD PARK JR SR HIGH SCHOOL,Ridgefield Park,7660,Public,3,511,515,1026,72191
4390,050,3,BERGEN,RIDGEWOOD VILLAGE,RIDGEWOOD HIGH SCHOOL,Ridgewood,7450,Public,3,641,631,1272,162011
4405,050,3,BERGEN,RIVER DELL REGIONAL,RIVER DELL REGIONAL HIGH SCHOOL,River Edge,7661,Public,3,605,596,1201,123590
4450,050,5,BURLINGTON,RIVERSIDE TOWNSHIP,RIVERSIDE HIGH SCHOOL,Riverside,8075,Public,3,504,512,1016,60885
5510,030,21,MERCER,ROBBINSVILLE TOWNSHIP,ROBBINSVILLE HIGH SCHOOL,Robbinsville,8691,Public,3,575,585,1160,137313
4540,010,39,UNION,ROSELLE BOROUGH,ABRAHAM CLARK HIGH SCHOOL,ROSELLE,7203,Public,3,454,456,910,52480
4550,050,39,UNION,ROSELLE PARK BOROUGH,ROSELLE PARK HIGH SCHOOL,ROSELLE PARK,7204,Public,3,529,506,1035,67300
4560,050,27,MORRIS,ROXBURY TOWNSHIP,ROXBURY HIGH SCHOOL,Succasunna,7876,Public,3,560,558,1118,112625
4580,050,25,MONMOUTH,RUMSON-FAIR HAVEN REG,RUMSON-FAIR HAVEN REGIONAL HIGH SCHOOL,Rumson,7760,Public,3,603,604,1207,138917
4600,050,3,BERGEN,RUTHERFORD BOROUGH,RUTHERFORD HIGH SCHOOL,Rutherford,7070,Public,3,563,567,1130,93787
4610,050,3,BERGEN,SADDLE BROOK TOWNSHIP,SADDLE BROOK MIDDLE/HIGH SCHOOL,Saddle Brook,7663,Public,3,517,537,1054,94177
4630,050,33,SALEM,SALEM CITY,SALEM HIGH SCHOOL,SALEM,8079,Public,3,437,422,859,25171
4640,040,33,SALEM,SALEM COUNTY VOCATIONAL,SALEM COUNTY CAREER AND TECHNICAL HIGH SCHOOL,Woodstown,8098,Vocational,2,532,541,1073,85218
4660,050,23,MIDDLESEX,SAYREVILLE BOROUGH,SAYREVILLE WAR MEMORIAL HIGH SCHOOL,South Amboy,8871,Public,3,550,542,1092,79620
785,010,27,MORRIS,SCH DIST OF THE CHATHAMS,CHATHAM HIGH SCHOOL,Chatham,7928,Public,3,611,627,1238,173929
4670,050,39,UNION,SCOTCH PLAINS-FANWOOD REG,SCOTCH PLAINS-FANWOOD HIGH SCHOOL,Scotch Plains,7076,Public,3,581,578,1159,117765
4730,050,17,HUDSON,SECAUCUS TOWN,SECAUCUS HIGH SCHOOL,SECAUCUS,7096,Public,3,569,555,1124,99883
4760,050,25,MONMOUTH,SHORE REGIONAL,SHORE REGIONAL HIGH SCHOOL,WEST LONG BRANCH,7764,Public,3,563,560,1123,100000
4810,070,35,SOMERSET,SOMERSET COUNTY VOCATIONAL,SOMERSET COUNTY VOCATIONAL TECHNICAL HIGH SCHOOL,Bridgewater,8807,Vocational,2,614,611,1225,120065
4815,020,35,SOMERSET,SOMERSET HILLS REGIONAL,BERNARDS HIGH SCHOOL,Bernardsville,7924,Public,3,597,616,1213,144712
4820,050,35,SOMERSET,SOMERVILLE BOROUGH,SOMERVILLE HIGH SCHOOL,Somerville,8876,Public,3,579,578,1157,72731
4830,030,23,MIDDLESEX,SOUTH AMBOY CITY,SOUTH AMBOY MIDDLE/HIGH SCHOOL,South Amboy,8879,Public,3,545,522,1067,65074
4845,050,3,BERGEN,SOUTH BERGEN JOINTURE COM,LODI HIGH SCHOOL,Hasbrouck Heights,7604,Public,3,518,514,1032,87800
4860,050,23,MIDDLESEX,SOUTH BRUNSWICK TOWNSHIP,SOUTH BRUNSWICK HIGH SCHOOL,North Brunswick,8852,Public,3,611,602,1213,113815
1376,050,19,HUNTERDON,SOUTH HUNTERDON REGIONAL SCHOOL DISTRICT,SOUTH HUNTERDON HIGH SCHOOL,Lambertville,8530,Public,3,533,559,1092,94740
4900,030,13,ESSEX,SOUTH ORANGE-MAPLEWOOD,COLUMBIA HIGH SCHOOL,Maplewood,7040,Public,3,578,586,1164,123610
4910,050,23,MIDDLESEX,SOUTH PLAINFIELD BOROUGH,SOUTH PLAINFIELD HIGH SCHOOL,South Plainfield,7080,Public,3,554,547,1101,91889
4920,050,23,MIDDLESEX,SOUTH RIVER BOROUGH,SOUTH RIVER HIGH SCHOOL,South River,8882,Public,3,509,516,1025,62332
4950,050,29,OCEAN,SOUTHERN REGIONAL,SOUTHERN REGIONAL HIGH SCHOOL,Manahawkin,8050,Public,3,578,560,1138,75981
4960,050,37,SUSSEX,SPARTA TOWNSHIP,SPARTA HIGH SCHOOL,SPARTA,7871,Public,3,576,584,1160,133113
4970,040,23,MIDDLESEX,SPOTSWOOD BOROUGH,SPOTSWOOD HIGH SCHOOL,Spotswood,8884,Public,3,571,571,1142,75750
5000,010,39,UNION,SPRINGFIELD TOWNSHIP,JONATHAN DAYTON HIGH SCHOOL,Springfield,7081,Public,3,542,555,1097,110547
5035,050,7,CAMDEN,STERLING HIGH SCHOOL DIST,STERLING HIGH SCHOOL,Somerdale,8083,Public,3,540,552,1092,69783
5090,050,39,UNION,SUMMIT CITY,SUMMIT HIGH SCHOOL,Summit,7901,Public,3,597,597,1194,132443
5110,010,37,SUSSEX,SUSSEX COUNTY VOCATIONAL,SUSSEX COUNTY TECHNICAL SCHOOL,Sparta,7871,Vocational,2,531,549,1080,131813
5150,050,3,BERGEN,TEANECK TOWNSHIP,TEANECK HIGH SCHOOL,Teaneck,7666,Public,3,537,545,1082,106411
5160,050,3,BERGEN,TENAFLY BOROUGH,TENAFLY HIGH SCHOOL,TENAFLY,7670,Public,3,672,653,1325,153906
6033,902,13,ESSEX,THE BARACK OBAMA GREEN CHARTER HIGH SCHOOL,THE BARACK OBAMA GREEN CHARTER HIGH SCHOOL,Plainfield,7060,Charter,1,445,480,925,57959
5190,030,29,OCEAN,TOMS RIVER REGIONAL,TOMS RIVER HIGH SCHOOL EAST,Toms River,8753,Public,3,553,551,1104,75500
5190,040,29,OCEAN,TOMS RIVER REGIONAL,TOMS RIVER HIGH SCHOOL NORTH,Toms River,8753,Public,3,577,560,1137,75500
5190,050,29,OCEAN,TOMS RIVER REGIONAL,TOMS RIVER HIGH SCHOOL SOUTH,Toms River,8753,Public,3,550,553,1103,75500
5210,050,21,MERCER,TRENTON CITY,TRENTON CENTRAL HIGH SCHOOL - MAIN CAMPUS,Trenton,8609,Public,3,427,443,870,35524
5210,051,21,MERCER,TRENTON CITY,TRENTON CENTRAL HIGH SCHOOL - WEST CAMPUS,Trenton,8609,Public,3,437,452,889,35524
5240,055,17,HUDSON,UNION CITY,UNION CITY HIGH SCHOOL,Union City,7087,Public,3,482,475,957,43424
8010,980,17,HUDSON,UNION COUNTY TEAMS CHARTER SCHOOL,UNION COUNTY TEAMS CHARTER SCHOOL,PLAINFIELD,7060,Charter,1,458,477,935,57959
5260,020,39,UNION,UNION COUNTY VOCATIONAL,ACADEMY FOR ALLIED HEALTH SCIENCES,Scotch Plains,7076,Vocational,2,668,654,1322,117765
5260,030,39,UNION,UNION COUNTY VOCATIONAL,ACADEMY FOR INFORMATION TECHNOLOGY,Scotch Plains,7076,Vocational,2,678,662,1340,117765
5260,035,39,UNION,UNION COUNTY VOCATIONAL,ACADEMY FOR PERFORMING ARTS,Scotch Plains,7076,Vocational,2,581,589,1170,117765
5260,301,39,UNION,UNION COUNTY VOCATIONAL,UNION COUNTY CAREER & TECHNICAL INSTITUTE,Scotch Plains,7076,Vocational,2,615,624,1239,117765
5260,040,39,UNION,UNION COUNTY VOCATIONAL,UNION COUNTY MAGNET HIGH SCHOOL,Scotch Plains,7076,Vocational,2,703,682,1385,117765
5290,050,39,UNION,UNION TOWNSHIP,UNION SENIOR HIGH,Union,7083,Public,3,525,524,1049,79324
8060,990,13,ESSEX,UNIVERSITY ACADEMY CHARTER HIGH SCHOOL,UNIVERSITY ACADEMY CHARTER HIGH SCHOOL,JERSEY CITY,7305,Charter,1,476,464,940,62739
5310,050,25,MONMOUTH,UPPER FREEHOLD REGIONAL,ALLENTOWN HIGH SCHOOL,Allentown,8501,Public,3,585,578,1163,123375
5360,020,37,SUSSEX,VERNON TOWNSHIP,VERNON TOWNSHIP HIGH SCHOOL,Vernon,7462,Public,3,575,567,1142,90805
5370,050,13,ESSEX,VERONA BOROUGH,VERONA HIGH SCHOOL,Verona,7044,Public,3,591,594,1185,113423
5390,050,11,CUMBERLAND,VINELAND CITY,VINELAND SENIOR HIGH SCHOOL,Vineland,8360,Public,3,508,508,1016,51113
5715,025,21,MERCER,WEST WINDSOR-PLAINSBORO REGIONAL,WEST WINDSOR-PLAINSBORO HIGH SCHOOL NORTH,West Windsor,8550,Public,3,672,655,1327,125938
5715,020,21,MERCER,WEST WINDSOR-PLAINSBORO REGIONAL,WEST WINDSOR-PLAINSBORO HIGH SCHOOL SOUTH,West Windsor,8550,Public,3,661,648,1309,125938
5410,030,3,BERGEN,WALDWICK BOROUGH,WALDWICK HIGH SCHOOL,Waldwick,7463,Public,3,569,561,1130,115591
5420,050,25,MONMOUTH,WALL TOWNSHIP,WALL HIGH SCHOOL,Wall,7719,Public,3,569,574,1143,101983
5430,050,3,BERGEN,WALLINGTON BOROUGH,WALLINGTON JUNIOR SENIOR HIGH SCHOOL,Wallington,7057,Public,3,541,542,1083,62648
5435,060,37,SUSSEX,WALLKILL VALLEY REGIONAL,WALLKILL VALLEY REGIONAL HIGH SCHOOL,HARDYSTON TOWNSHIP,7419,Public,3,568,556,1124,85225
5460,050,41,WARREN,WARREN COUNTY VOCATIONAL,WARREN COUNTY VOCATIONAL TECHNICAL SCHOOL,Washington,7882,Vocational,2,508,538,1046,90304
5465,050,41,WARREN,WARREN HILLS REGIONAL,WARREN HILLS REGIONAL HIGH SCHOOL,Washington,7882,Public,3,541,569,1110,90304
5500,010,15,GLOUCESTER,WASHINGTON TOWNSHIP,WASHINGTON TOWNSHIP HIGH SCHOOL,Sewell,8080,Public,3,549,559,1108,67143
5550,050,35,SOMERSET,WATCHUNG HILLS REGIONAL,WATCHUNG HILLS REGIONAL HIGH SCHOOL,Warren,7059,Public,3,604,608,1212,154429
5570,055,31,PASSAIC,WAYNE TOWNSHIP,WAYNE HILLS HIGH SCHOOL,WAYNE,7470,Public,3,584,577,1161,108092
5570,050,31,PASSAIC,WAYNE TOWNSHIP,WAYNE VALLEY HIGH SCHOOL,WAYNE,7470,Public,3,580,576,1156,108092
5580,050,17,HUDSON,WEEHAWKEN TOWNSHIP,WEEHAWKEN HIGH SCHOOL,Weehawken,7086,Public,3,525,542,1067,84841
5620,050,15,GLOUCESTER,WEST DEPTFORD TOWNSHIP,WEST DEPTFORD HIGH SCHOOL,West Deptford,8066,Public,3,544,554,1098,71705
5630,050,13,ESSEX,WEST ESSEX REGIONAL,WEST ESSEX HIGH SCHOOL,North Caldwell,7006,Public,3,576,576,1152,114096
5650,040,31,PASSAIC,WEST MILFORD TOWNSHIP,WEST MILFORD HIGH SCHOOL,West Milford,7480,Public,3,546,563,1109,98843
5660,030,27,MORRIS,WEST MORRIS REGIONAL,WEST MORRIS CENTRAL HIGH SCHOOL,CHESTER,7930,Public,3,612,601,1213,138328
5660,050,27,MORRIS,WEST MORRIS REGIONAL,WEST MORRIS MENDHAM HIGH SCHOOL,CHESTER,7930,Public,3,623,626,1249,138328
5670,050,17,HUDSON,WEST NEW YORK TOWN,MEMORIAL HIGH SCHOOL,West New York,7093,Public,3,489,484,973,50477
5680,050,13,ESSEX,WEST ORANGE TOWN,WEST ORANGE HIGH SCHOOL,West Orange,7052,Public,3,530,549,1079,93954
5730,050,39,UNION,WESTFIELD TOWN,WESTFIELD SENIOR HIGH SCHOOL,Westfield,7090,Public,3,620,616,1236,159923
5755,050,3,BERGEN,WESTWOOD REGIONAL,WESTWOOD JUNIOR/SENIOR HIGH SCHOOL,TOWNSHIP OF WASHINGTON,7676,Public,3,575,570,1145,106449
5790,050,9,CAPE MAY,WILDWOOD CITY,WILDWOOD HIGH SCHOOL,WILDWOOD,8260,Public,3,502,478,980,29945
5805,053,5,BURLINGTON,WILLINGBOROUGH TOWNSHIP,WILLINGBORO HIGH SCHOOL,Willingboro,8046,Public,3,458,468,926,70929
5820,010,7,CAMDEN,WINSLOW TOWNSHIP,WINSLOW TOWNSHIP HIGH SCHOOL,Atco,8004,Public,3,496,512,1008,76640
5850,020,23,MIDDLESEX,WOODBRIDGE TOWNSHIP,COLONIA HIGH SCHOOL,WOODBRIDGE,7095,Public,3,542,531,1073,83266
5850,040,23,MIDDLESEX,WOODBRIDGE TOWNSHIP,JOHN F. KENNEDY HIGH SCHOOL,WOODBRIDGE,7095,Public,3,562,546,1108,83266
5850,050,23,MIDDLESEX,WOODBRIDGE TOWNSHIP,WOODBRIDGE HIGH SCHOOL,WOODBRIDGE,7095,Public,3,538,523,1061,83266
5860,050,15,GLOUCESTER,WOODBURY CITY,WOODBURY JR-SR HIGH SCHOOL,Woodbury,8096,Public,3,491,502,993,53618
5830,050,3,BERGEN,WOOD-RIDGE BOROUGH,WOOD-RIDGE JR/SR HIGH SCHOOL,Wood-Ridge,7075,Public,3,563,557,1120,102283
5910,050,33,SALEM,WOODSTOWN-PILESGROVE REG,WOODSTOWN HIGH SCHOOL,Woodstown,8098,Public,3,558,566,1124,85218
,,,MERCER,LAWRENCE TOWNSHIP,THE LAWRENCEVILLE SCHOOL,Lawrence Township,8648,Private,4,,,1460,96529
,,,ESSEX,LIVINGSTON BOARD OF EDUCATION,NEWARK ACADEMY,Livingston,7039,Private,4,,,1420,153381
,,,MERCER,PRINCETON PUBLIC SCHOOLS,STUART COUNTRY DAY SCHOOL,Princeton,8540,Private,4,,,1420,125506
,,,MERCER,PRINCETON PUBLIC SCHOOLS,PRINCETON DAY SCHOOL,Princeton,8540,Private,4,,,1410,125506
,,,MORRIS,MORRIS SCHOOL DISTRICT,VILLA WALSH ACADEMY,Morristown,7960,Private,4,,,1410,92296
,,,MERCER,WEST WINDSOR-PLAINSBORO REGIONAL,WILBERFORCE SCHOOL,Princeton Junction,8550,Private,4,,,1361,125506
,,,MIDDLESEX,PISCATAWAY TOWNSHIP,TIMOTHY CHRISTIAN SCHOOL,Piscataway,8854,Private,4,,,1350,89617
,,,ESSEX,WEST ORANGE PUBLIC SCHOOLS,GOLDA OCH ACADEMY,West Orange,7052,Private,4,,,1340,93954
,,,MIDDLESEX,EDISON,THE WARDLAW HARTRIDGE SCHOOL,Edison,8820,Private,4,,,1340,95622
,,,PASSAIC,PASSAIC ARTS AND SCIENCE CHARTER SCHOOL,NOBLE LEADERSHIP ACADEMY,Passaic,7055,Private,4,,,1310,36723
,,,MERCER,EAST WINDSOR REGIONAL,PEDDIE SCHOOL,Hightstown,8520,Private,4,,,1310,72973
,,,BURLINGTON,MOORESTOWN TOWNSHIP,MOORESTOWN FRIENDS SCHOOL,Moorestown,8057,Private,4,,,1303,133902
,,,MIDDLESEX,SOUTH RIVER,DARUL ARQAM SCHOOL,South River,8882,Private,4,,,1290,62332
,,,HUDSON,ELYSIAN CHARTER SCHOOL OF HOBOKEN,THE HUDSON SCHOOL,Hoboken,7030,Private,4,,,1290,127523
,,,BURLINGTON,BURLINGTON CITY,DOANE ACADEMY,Burlington,8016,Private,4,,,1280,81738
,,,MERCER,MARIE H. KATZENBACH SCHOOL FOR THE DEAF,VILLA VICTORIA ACADEMY,Trenton,8628,Private,4,,,1270,35524
,,,BERGEN,SADDLE RIVER,SADDLE RIVER DAY SCHOOL,Saddle River,7458,Private,4,,,1262,173333
,,,BURLINGTON,EVESHAM TOWNSHIP,CENTER FOR EDUCATION,Marlton,8053,Private,4,,,1260,73727
,,,ATLANTIC,BUENA REGIONAL,ST. AUGUSTINE PREPARATORY SCHOOL,Richland,8350,Private,4,,,1260,58077
,,,OCEAN,OCEAN COUNTY VOCATIONAL TECHNICAL,DONOVAN CATHOLIC,Toms River,8753,Private,4,,,1254,76051
,,,MIDDLESEX,OLD BRIDGE,CALVARY CHRISTIAN SCHOOL,Old Bridge,8857,Private,4,,,1250,88540
,,,BERGEN,RAMSEY,DON BOSCO PREP HIGH SCHOOL,Ramsey,7446,Private,4,,,1250,137768
,,,MORRIS,MORRIS,MORRISTOWN-BEARD SCHOOL,Morristown,7960,Private,4,,,1250,92296
,,,PASSAIC,NORTHERN REGION EDUCATIONAL SERVICES COMMISSION,PIONEER ACADEMY,Wayne,7470,Private,4,,,1244,108092
,,,HUDSON,BELOVED COMMUNITY CHARTER SCHOOL,ST. PETERS PREPARATORY SCHOOL,Jersey City,7302,Private,4,,,1229,62739
,,,PASSAIC,HAWTHORNE,HAWTHORNE CHRISTIAN ACADEMY,Hawthorne,7506,Private,4,,,1220,93675
,,,CAPE MAY,CAPE MAY COUNTY SPECIAL SERVICES,CAPE CHRISTIAN ACADEMY,Cape May Court House,8210,Private,4,,,1210,70009
,,,CAMDEN,CHERRY HILL,THE KING'S CHRISTIAN SCHOOL,Cherry Hill,8003,Private,4,,,1200,99922
,,,MERCER,LAWRENCE TOWNSHIP,NOTRE DAME HIGH SCHOOL,Lawrence Township,8648,Private,4,,,1200,96529
,,,UNION,ROSELLE PUBLIC SCHOOLS,ROSELLE CATHOLIC HIGH SCHOOL,Roselle,7203,Private,4,,,1200,52480
,,,UNION,CRESTHAVEN ACADEMY CHARTER SCHOOL,KOINONIA ACADEMY,Plainfield,7060,Private,4,,,1192,56245
,,,SUSSEX,SPARTA TOWNSHIP,POPE JOHN XXIII HIGH SCHOOL,Sparta,7871,Private,4,,,1188,133113
,,,BERGEN,MONTVALE BOARD OF EDUCATION SCHOOL DISTRICT,ST JOSEPH REGIONAL HIGH SCHOOL,Montvale,7645,Private,4,,,1180,120060
,,,PASSAIC,NORTHERN REGION EDUCATIONAL SERVICES COMMISSION,DEPAUL CATHOLIC HIGH SCHOOL,Wayne,7470,Private,4,,,1150,108092
,,,BERGEN,ORADELL,BERGEN CATHOLIC HIGH SCHOOL,Oradell,7649,Private,4,,,1140,137583
,,,BERGEN,OAKLAND,BARNSTABLE ACADEMY,Oakland,7436,Private,4,,,1120,112944
,,,MORRIS,PARSIPPANY-TROY HILLS TOWNSHIP,PARSIPPANY CHRISTIAN SCHOOL,Parsippany,7054,Private,4,,,1120,93915
,,,GLOUCESTER,NEWFIELD BOROUGH,OUR LADY OF MERCY ACADEMY,Newfield,8344,Private,4,,,1070,74226
,,,HUDSON,JERSEY CITY GOLDEN DOOR CHARTER SCHOOL,HUDSON CATHOLIC REGIONAL HIGH SCHOOL,Jersey City,7306,Private,4,,,1020,62739
